Dataset,Count,MAE
CAMO,250,0.03155
CHAMELEON,76,0.01932
COD10K,2026,0.01687
NC4K,4121,0.02297
